,City,Country,Date,Latitude,Longitude,Maximum Temperature,Humidity,Cloud Level,Wind (m/h)
0,Bluff,NZ,1587583609,-46.6,168.33,48.99,85,82,1.99
1,Constitución,CL,1587583322,-35.33,-72.42,67.77,44,82,6.96
2,Kavieng,PG,1587583384,-2.57,150.8,81.25,76,100,0.72
3,Albany,US,1587583592,42.6,-73.97,45.0,28,75,34.45
4,Dingle,PH,1587583609,11.0,122.67,80.31,81,78,8.43
5,Dikson,RU,1587583609,73.51,80.55,16.88,96,64,9.91
6,Hobart,AU,1587583609,-42.88,147.33,50.0,76,94,8.05
7,Rikitea,PF,1587583609,-23.12,-134.97,75.4,78,100,15.17
8,Khatanga,RU,1587583609,71.97,102.5,20.53,97,90,2.55
9,Inhambane,MZ,1587583609,-23.86,35.38,75.2,78,3,12.46
10,Charyshskoye,RU,1587583610,51.4,83.56,55.63,34,75,6.58
11,Ushuaia,AR,1587583610,-54.8,-68.3,46.4,61,40,20.8
12,Tres Arroyos,AR,1587583610,-38.37,-60.28,63.57,39,82,9.4
13,Złocieniec,PL,1587583610,53.53,16.01,50.0,61,0,1.01
14,Salcedo,PH,1587583610,12.81,121.47,79.03,82,78,5.68
15,Cockburn Town,TC,1587583610,21.46,-71.14,80.01,75,0,3.67
16,Anadyr,RU,1587583610,64.75,177.48,0.0,84,0,4.47
17,George Town,MY,1587583330,5.41,100.34,78.8,100,40,2.77
18,Dehui,CN,1587583611,44.53,125.7,30.2,74,90,4.47
19,Hithadhoo,MV,1587583611,-0.6,73.08,84.38,70,97,7.11
20,Jamestown,US,1587583357,42.1,-79.24,37.0,47,1,13.87
21,Dāmghān,IR,1587583611,36.17,54.35,67.98,28,49,9.08
22,Kpandu,GH,1587583611,7.0,0.29,83.8,67,47,3.69
23,Saint Paul Harbor,US,1587583611,57.79,-152.41,44.6,81,90,5.82
24,Lebu,CL,1587583611,-37.62,-73.65,68.04,37,46,4.05
25,Atuona,PF,1587583611,-9.8,-139.03,81.45,69,0,13.15
26,Caravelas,BR,1587583611,-17.71,-39.25,79.14,71,38,14.47
27,Busselton,AU,1587583394,-33.65,115.33,57.99,81,12,9.8
28,Yellowknife,CA,1587583611,62.46,-114.35,25.0,41,90,5.82
29,Enid,US,1587583581,36.4,-97.88,62.6,100,90,11.41
30,New Norfolk,AU,1587583612,-42.78,147.06,50.0,79,97,4.9
31,Taiyuan,CN,1587583612,37.87,112.56,35.6,17,13,4.47
32,Faanui,PF,1587583612,-16.48,-151.75,80.8,77,15,17.11
33,Leningradskiy,RU,1587583612,69.38,178.42,11.08,90,98,5.53
34,Salinópolis,BR,1587583612,-0.61,-47.36,78.08,87,100,4.83
35,Sayyan,YE,1587583612,15.17,44.32,60.8,34,64,4.12
36,Puerto Ayora,EC,1587583612,-0.74,-90.35,87.8,62,20,14.99
37,Carnarvon,AU,1587583613,-24.87,113.63,71.6,83,24,11.41
38,Punta Arenas,CL,1587583435,-53.15,-70.92,48.2,81,75,8.05
39,Santander,ES,1587583613,43.46,-3.8,59.0,72,90,6.93
40,Zhangye,CN,1587583613,38.93,100.45,48.2,19,86,5.48
41,Cayenne,GF,1587583400,4.93,-52.33,80.6,83,75,3.36
42,Krasnosel'kup,RU,1587583613,65.7,82.47,34.95,91,100,13.78
43,Talnakh,RU,1587583613,69.49,88.4,26.6,86,75,4.47
44,Coahuayana Viejo,MX,1587583613,18.73,-103.68,84.2,51,40,5.12
45,Butaritari,KI,1587583613,3.07,172.79,83.52,78,62,14.07
46,Castro,BR,1587583614,-24.79,-50.01,73.72,31,0,4.83
47,Provideniya,RU,1587583614,64.38,-173.3,10.4,66,5,2.24
48,Mabaruma,GY,1587583614,8.2,-59.78,86.92,55,73,8.16
49,Tiksi,RU,1587583614,71.69,128.87,22.53,97,100,2.93
50,Talcahuano,CL,1587583614,-36.72,-73.12,64.4,72,31,11.41
51,Esperance,AU,1587583394,-33.87,121.9,59.0,87,52,8.05
52,Walvis Bay,NA,1587583614,-22.96,14.51,62.6,72,25,3.36
53,Catherinas Lust,GY,1587583614,6.4,-57.6,82.96,66,60,8.48
54,Cidreira,BR,1587583614,-30.18,-50.21,74.44,63,8,7.29
55,Tuktoyaktuk,CA,1587583614,69.45,-133.04,10.4,85,90,23.04
56,Port Elizabeth,ZA,1587583614,-33.92,25.57,59.0,87,0,5.82
57,Saldanha,ZA,1587583614,-33.01,17.94,64.4,68,5,6.93
58,Grand Forks,US,1587583600,47.93,-97.03,53.6,68,20,5.82
59,Mataura,NZ,1587583615,-46.19,168.86,48.99,85,88,1.99
60,Khani,GE,1587583615,41.96,42.96,44.6,100,90,6.93
61,Iqaluit,CA,1587583615,63.75,-68.51,12.2,72,75,21.92
62,Thompson,CA,1587583615,55.74,-97.86,35.6,51,90,9.17
63,Narsaq,GL,1587583615,60.92,-46.05,48.2,34,75,50.55
64,Bredasdorp,ZA,1587583615,-34.53,20.04,55.4,87,0,3.36
65,Kirakira,SB,1587583505,-10.45,161.92,80.49,79,73,5.08
66,Husavik,IS,1587583615,66.04,-17.34,50.0,53,99,4.7
67,Cabo San Lucas,MX,1587583615,22.89,-109.91,84.0,32,5,10.29
68,Klyuchi,RU,1587583615,52.27,79.17,65.97,29,80,13.44
69,Lompoc,US,1587583615,34.64,-120.46,81.0,53,1,14.99
70,Tautira,PF,1587583615,-17.73,-149.15,84.2,66,9,2.24
71,Ribeira Grande,PT,1587583615,38.52,-28.7,64.4,42,20,10.29
72,Barvinkove,UA,1587583615,48.91,37.02,43.95,70,56,10.13
73,Severo-Kuril'sk,RU,1587583616,50.68,156.12,32.23,96,100,38.16
74,Grand Gaube,MU,1587583616,-20.01,57.66,73.99,83,12,3.0
75,Salalah,OM,1587583616,17.02,54.09,84.2,79,75,5.82
76,Beyla,GN,1587583616,8.68,-8.63,82.36,54,77,3.91
77,Nadadores,MX,1587583616,27.05,-101.6,99.0,10,2,5.01
78,Challans,FR,1587583616,46.84,-1.87,60.01,80,89,10.42
79,Saskylakh,RU,1587583616,71.92,114.08,17.53,97,86,3.53
80,Yatou,CN,1587583616,37.15,122.38,42.76,58,16,13.4
81,Magán,ES,1587583616,39.97,-3.93,64.4,59,75,3.36
82,Muros,ES,1587583616,42.78,-9.06,59.0,74,45,8.01
83,Broome,US,1587583617,42.25,-75.83,42.01,47,65,8.01
84,Port Alfred,ZA,1587583617,-33.59,26.89,59.0,91,12,3.0
85,Cape Town,ZA,1587583607,-33.93,18.42,66.2,68,0,18.34
86,Mahébourg,MU,1587583617,-20.41,57.7,77.0,83,40,11.41
87,Karratha,AU,1587583617,-20.74,116.85,88.14,42,38,13.06
88,Isangel,VU,1587583617,-19.55,169.27,73.4,94,20,10.83
89,Tasiilaq,GL,1587583617,65.61,-37.64,34.54,93,100,20.07
90,East London,ZA,1587583608,-33.02,27.91,67.89,74,71,4.23
91,Vaini,TO,1587583617,-21.2,-175.2,75.2,100,75,3.36
92,City of San Pedro,PH,1587583617,14.35,121.02,84.2,66,20,10.29
93,Te Anau,NZ,1587583617,-45.42,167.72,46.15,72,95,6.89
94,Phan Thiet,VN,1587583549,10.93,108.1,77.83,88,90,7.05
95,Talara,PE,1587583618,-4.58,-81.27,84.2,51,33,12.75
96,Qaanaaq,GL,1587583618,77.48,-69.36,19.06,92,18,1.97
97,Oranjemund,NA,1587583618,-28.55,16.43,61.07,73,97,6.42
98,Nantucket,US,1587583618,41.28,-70.1,44.6,39,40,31.09
99,Tabuk,PH,1587583618,17.42,121.44,77.14,83,99,0.49
100,Hermanus,ZA,1587583618,-34.42,19.23,55.99,91,0,7.16
101,Hasaki,JP,1587583618,35.73,140.83,46.4,75,75,3.36
102,Sinnamary,GF,1587583618,5.38,-52.95,80.2,83,99,10.74
103,Nome,US,1587583618,64.5,-165.41,19.4,85,1,3.36
104,Hobyo,SO,1587583618,5.35,48.53,84.63,69,15,9.91
105,Dakar,SN,1587583463,14.69,-17.44,71.6,88,0,16.11
106,Krasne,UA,1587583619,49.91,24.61,41.0,66,42,3.51
107,Egvekinot,RU,1587583619,66.32,-179.17,11.03,88,83,5.66
108,Starogard Gdański,PL,1587583619,53.96,18.53,45.0,52,0,2.24
109,Deputatsky,RU,1587583619,69.3,139.9,11.71,92,99,2.3
110,Kérouané,GN,1587583619,9.27,-9.02,82.17,54,67,2.24
111,Kapaa,US,1587583346,22.08,-159.32,78.8,74,1,4.7
112,Kapoeta,SS,1587583619,4.77,33.59,77.09,59,64,4.34
113,Fukuechō,JP,1587583620,32.69,128.84,52.18,62,95,23.62
114,Taltal,CL,1587583620,-25.4,-70.48,69.46,60,1,6.38
115,Robertsport,LR,1587583620,6.75,-11.37,83.43,73,100,6.78
116,Rawson,AR,1587583620,-43.3,-65.1,65.61,31,0,11.1
117,Krasnoarmeyskiy,RU,1587583620,47.01,42.21,44.74,59,50,12.73
118,Souillac,MU,1587583620,-20.52,57.52,77.0,83,40,11.41
119,Bethel,US,1587583620,41.37,-73.41,48.99,26,75,12.75
120,Yambio,SS,1587583620,4.57,28.4,73.72,68,84,3.02
121,Antalaha,MG,1587583620,-14.9,50.28,76.59,83,27,11.68
122,Nazareno,MX,1587583621,25.38,-103.42,95.0,8,40,6.93
123,Sitka,US,1587583621,57.05,-135.33,44.6,93,90,12.75
124,Javānrūd,IR,1587583621,34.8,46.52,54.07,42,54,2.73
125,Luanda,AO,1587583443,-8.84,13.23,77.85,84,3,9.35
126,Fortuna,US,1587583621,40.6,-124.16,57.0,82,40,5.61
127,Gao,ML,1587583621,16.64,1.64,98.22,10,7,5.35
128,Rumuruti,KE,1587583621,0.27,36.54,63.07,52,96,9.66
129,Totness,SR,1587583621,5.88,-56.32,81.95,75,48,13.27
130,Barrow,US,1587583621,71.29,-156.79,19.4,92,90,9.17
131,Hilo,US,1587583622,19.73,-155.09,77.0,73,90,5.82
132,Upernavik,GL,1587583622,72.79,-56.15,31.23,95,5,10.36
133,Jiazi,CN,1587583622,22.88,116.07,66.31,80,100,15.57
134,Longyearbyen,SJ,1587583374,78.22,15.64,19.4,57,0,1.12
135,Vestmannaeyjar,IS,1587583622,63.44,-20.27,44.38,69,94,3.53
136,Yar-Sale,RU,1587583622,66.83,70.83,33.33,97,100,20.65
137,Carutapera,BR,1587583622,-1.2,-46.02,80.83,80,86,7.83
138,Labuhan,ID,1587583622,-6.88,112.21,79.68,84,100,5.86
139,Phek,IN,1587583622,25.67,94.5,51.6,62,53,2.37
140,Bemidji,US,1587583338,47.47,-94.88,51.8,34,1,10.29
141,Udine,IT,1587583622,46.06,13.24,63.0,37,1,1.99
142,Gravdal,NO,1587583622,68.12,13.5,39.2,93,75,2.24
143,Eyl,SO,1587583623,7.98,49.82,84.13,72,23,10.94
144,Van,TR,1587583623,38.49,43.38,59.0,44,75,21.92
145,Klaksvík,FO,1587583623,62.23,-6.59,50.0,66,0,6.93
146,Adelanto,US,1587583623,34.58,-117.41,72.0,33,1,3.36
147,Itarema,BR,1587583623,-2.92,-39.92,77.61,85,100,1.59
148,Zyryanka,RU,1587583623,65.75,150.85,18.07,94,100,9.51
149,Hong Kong,HK,1587583525,22.29,114.16,69.8,83,20,10.29
150,Rumoi,JP,1587583623,43.93,141.64,37.92,76,100,22.19
151,Mossamedes,AO,1587583623,-15.2,12.15,75.6,76,9,10.27
152,Goderich,CA,1587583623,43.75,-81.72,36.0,68,76,3.0
153,Arraial do Cabo,BR,1587583623,-22.97,-42.03,78.8,69,0,9.17
154,Sivaki,RU,1587583623,52.63,126.75,22.91,91,80,6.69
155,Lishan,CN,1587583624,31.86,113.3,55.99,55,95,2.26
156,Poum,NC,1587583624,-20.23,164.02,77.54,79,6,12.46
157,Port Said,EG,1587583624,31.26,32.28,69.8,88,15,20.8
158,Kavaratti,IN,1587583624,10.57,72.64,85.84,70,53,5.19
159,Northam,GB,1587583624,51.03,-4.22,61.0,76,66,1.01
160,Vila,PT,1587583624,42.03,-8.16,55.99,82,89,4.99
161,Kendallville,US,1587583624,41.44,-85.27,44.6,56,75,9.17
162,Pil'na,RU,1587583624,55.55,45.92,31.41,94,100,20.36
163,São Filipe,CV,1587583624,14.9,-24.5,71.11,79,17,22.37
164,Pevek,RU,1587583625,69.7,170.31,3.52,92,0,5.53
165,Calatayud,ES,1587583625,41.35,-1.64,59.0,87,90,10.29
166,Burnie,AU,1587583625,-41.07,145.92,48.0,88,100,1.01
167,Vila Velha,BR,1587583625,-20.33,-40.29,79.0,73,10,14.99
168,Jiangyou,CN,1587583625,31.77,104.72,51.93,61,98,3.8
169,Meulaboh,ID,1587583625,4.14,96.13,78.71,87,100,3.69
170,Arrondissement de Fontenay-le-Comte,FR,1587583625,46.58,-1.0,68.0,72,82,4.7
171,Ankang,CN,1587583625,32.68,109.02,54.07,57,100,1.9
172,Paraná,AR,1587583625,-31.73,-60.52,89.01,34,60,4.0
173,Kaeo,NZ,1587583625,-35.1,173.78,60.01,94,100,3.0
174,Samarai,PG,1587583384,-10.62,150.67,79.05,80,91,10.0
175,Novovasylivka,UA,1587583625,46.83,35.75,47.32,62,55,9.26
176,Tuatapere,NZ,1587583625,-46.13,167.68,48.99,85,98,1.99
177,Richards Bay,ZA,1587583625,-28.78,32.04,73.08,82,30,7.05
178,Opatija,HR,1587583626,45.34,14.31,59.0,44,0,10.0
179,Nikolskoye,RU,1587583608,59.7,30.79,42.01,56,62,8.95
180,Haines Junction,CA,1587583626,60.75,-137.51,37.2,64,100,1.77
181,Mount Isa,AU,1587583626,-20.73,139.5,77.0,17,0,8.05
182,Berbourg,LU,1587583626,49.73,6.39,62.6,29,0,6.93
183,Fort-Shevchenko,KZ,1587583626,44.51,50.26,49.26,69,77,12.62
184,Christchurch,NZ,1587583626,-43.53,172.63,46.0,100,90,2.86
185,Manggar,ID,1587583626,-2.88,108.27,82.02,80,88,6.17
186,Lata,PT,1587583626,40.16,-8.33,61.0,82,42,5.01
187,Porto Santo,PT,1587583626,33.07,-16.34,60.8,67,40,10.29
188,Half Moon Bay,US,1587583626,37.46,-122.43,73.0,67,1,16.11
189,Touros,BR,1587583448,-5.2,-35.46,84.2,74,20,13.87
190,Dunedin,NZ,1587583626,-45.87,170.5,50.0,92,28,4.72
191,Omsukchan,RU,1587583627,62.53,155.8,7.14,87,41,5.06
192,Amboise,FR,1587583627,47.41,0.98,66.2,48,6,3.36
193,Taoudenni,ML,1587583627,22.68,-3.98,94.78,9,0,7.02
194,Orange Cove,US,1587583627,36.62,-119.31,73.0,53,2,3.51
195,Mirpur Sakro,PK,1587583443,24.55,67.63,82.4,78,47,13.87
196,Jacksonville,US,1587583396,30.33,-81.66,82.0,32,75,10.29
197,Belmonte,BR,1587583627,-15.86,-38.88,78.8,74,40,8.05
198,Kahului,US,1587583522,20.89,-156.47,78.8,61,40,4.7
199,Gizo Government Station,SB,1587583627,-8.1,156.84,80.92,78,91,1.52
200,San Cristobal,VE,1587583627,7.77,-72.22,87.8,58,40,13.87
201,Matagami,CA,1587583627,49.75,-77.63,14.0,66,40,25.28
202,Ilulissat,GL,1587583627,69.22,-51.1,48.2,36,20,17.22
203,Le Port,RE,1587583627,-20.94,55.29,73.4,83,75,10.29
204,Lorengau,PG,1587583627,-2.02,147.27,80.46,82,100,10.04
205,Port Hardy,CA,1587583628,50.7,-127.42,51.8,81,75,3.36
206,Tessalit,ML,1587583628,20.2,1.01,95.0,8,5,8.93
207,Lavrentiya,RU,1587583628,65.58,-171.0,13.44,92,46,3.85
208,Birin,NP,1587583628,26.89,88.07,53.42,49,37,5.55
209,Puerto Escondido,MX,1587583489,15.85,-97.07,87.8,79,20,11.41
210,São João de Pirabas,BR,1587583628,-0.77,-47.18,78.13,87,100,4.5
211,Jardim,BR,1587583628,-21.48,-56.14,91.49,26,0,0.43
212,Cayhagan,PH,1587583628,9.67,122.43,82.83,75,69,5.32
213,Lagoa,PT,1587583628,39.05,-27.98,58.26,77,86,17.63
214,Beringovskiy,RU,1587583628,63.05,179.32,7.3,91,0,8.34
215,Ucluelet,CA,1587583628,48.93,-125.55,53.01,87,90,5.82
216,Vanimo,PG,1587583628,-2.67,141.3,79.45,82,100,4.99
217,Manzhouli,CN,1587583629,49.6,117.43,33.15,57,76,4.12
218,Mayskiy,RU,1587583629,47.69,40.1,48.2,45,20,6.71
219,Nizwá,OM,1587583629,22.93,57.53,83.3,30,53,7.49
220,Grindavik,IS,1587583629,63.84,-22.43,44.6,75,75,14.99
221,Angoram,PG,1587583384,-4.06,144.07,74.89,97,100,3.24
222,Polis,CY,1587583629,35.04,32.43,62.6,82,0,11.41
223,Cherskiy,RU,1587583629,68.75,161.3,10.27,91,0,6.53
224,Airai,TL,1587583629,-8.93,125.41,59.58,65,20,3.27
225,Chokurdakh,RU,1587583629,70.63,147.92,12.83,95,78,5.41
226,Flinders,AU,1587583629,-34.58,150.86,59.0,89,7,4.32
227,Arrondissement de Rennes,FR,1587583629,48.17,-1.67,61.0,67,27,6.93
228,College,US,1587583629,64.86,-147.8,37.0,69,20,3.36
229,Bengkulu,ID,1587583629,-3.8,102.27,78.62,84,98,4.9
230,Marabu,MY,1587583630,4.41,114.01,78.8,100,75,3.36
231,Port Moresby,PG,1587583630,-9.44,147.18,78.8,88,40,6.93
232,Pañgobilian,PH,1587583630,8.8,117.86,81.36,77,79,3.47
233,Mar del Plata,AR,1587583333,-38.0,-57.56,62.6,63,75,11.41
234,Galveston,US,1587583630,29.37,-94.97,79.0,83,90,17.22
235,Vao,NC,1587583630,-22.67,167.48,75.13,80,12,13.27
236,Dunda,TZ,1587583630,-8.12,34.25,67.44,64,79,4.03
237,Chapais,CA,1587583631,49.78,-74.85,17.6,67,90,19.46
238,Avarua,CK,1587583628,-21.21,-159.78,80.6,78,79,8.05
239,Tura,IN,1587583631,25.52,90.22,67.98,77,13,3.96
240,Havøysund,NO,1587583631,71.0,24.66,33.8,59,20,13.87
241,Saint-Philippe,RE,1587583631,-21.36,55.77,73.4,88,20,11.41
242,Guatire,VE,1587583631,10.48,-66.54,82.0,58,45,7.0
243,Kenai,US,1587583631,60.55,-151.26,41.0,86,90,3.36
244,Río Gallegos,AR,1587583391,-51.62,-69.22,57.2,44,40,18.34
245,Mount Gambier,AU,1587583631,-37.83,140.77,50.0,93,99,8.05
246,Aknīste,LV,1587583631,56.16,25.75,48.09,64,62,3.06
247,Paraíso,CR,1587583631,9.84,-83.87,86.0,45,75,12.75
248,Majene,ID,1587583631,-3.54,118.97,78.55,85,100,3.71
249,Jijiga,ET,1587583632,9.35,42.8,66.2,46,98,3.6
250,La Seyne-sur-Mer,FR,1587583632,43.1,5.88,60.01,77,100,4.7
251,Pospelikha,RU,1587583632,51.95,81.77,62.24,36,61,9.1
252,Griffith,US,1587583412,41.53,-87.42,62.6,39,75,11.41
253,Carballo,ES,1587583632,43.21,-8.69,57.0,87,75,3.36
254,Jiayuguan City,CN,1587583632,39.82,98.3,43.0,22,0,5.88
255,Rūdbār,AF,1587583632,30.15,62.6,74.39,47,82,12.73
256,São Miguel do Araguaia,BR,1587583632,-13.28,-50.16,82.8,70,51,2.3
257,Burns Lake,CA,1587583632,54.23,-125.75,48.13,40,76,9.17
258,Saint George,US,1587583632,37.1,-113.58,71.6,26,1,4.7
259,Kununurra,AU,1587583632,-15.77,128.73,69.8,83,11,2.24
260,Kitui,KE,1587583632,-1.37,38.01,67.26,69,97,4.09
261,Karasjok,NO,1587583633,69.47,25.51,33.8,74,40,21.92
262,Batemans Bay,AU,1587583633,-35.72,150.18,52.0,100,70,1.39
263,Acapulco de Juárez,MX,1587583507,16.86,-99.89,82.4,69,40,11.41
264,Norden,DE,1587583633,53.6,7.2,55.99,79,0,3.0
265,Slave Lake,CA,1587583513,55.28,-114.77,50.0,53,75,14.99
266,Zharkent,KZ,1587583633,44.16,80.0,65.82,21,20,7.47
267,Boves,IT,1587583633,44.33,7.55,57.2,67,20,5.82
268,Igarka,RU,1587583633,67.47,86.58,31.59,99,100,6.44
269,Santa Rosa,PH,1587583633,14.31,121.11,84.2,66,20,10.29
270,Alcúdia,ES,1587583633,39.85,3.12,61.0,82,32,10.29
271,Fuyu,CN,1587583633,45.18,124.82,31.57,89,61,9.75
272,Awjilah,LY,1587583633,29.11,21.29,79.07,17,0,7.81
273,Katsuura,JP,1587583634,35.13,140.3,48.99,70,75,17.22
274,Tonj,SS,1587583634,7.27,28.68,89.58,27,35,4.56
275,Capreol,CA,1587583634,46.71,-80.92,35.01,28,5,16.11
276,Porto Walter,BR,1587583634,-8.27,-72.74,96.21,38,38,1.52
277,San Mateo del Mar,MX,1587583634,16.2,-95.0,86.76,62,18,11.12
278,Faya,SA,1587583634,18.39,42.45,64.4,77,23,6.93
279,Guerrero Negro,MX,1587583634,27.98,-114.06,72.75,46,5,8.14
280,Lüderitz,NA,1587583634,-26.65,15.16,62.6,82,67,6.93
281,Hidalgo,MX,1587583367,20.5,-99.0,84.13,17,97,11.74
282,Geraldton,AU,1587583634,-28.77,114.6,60.8,82,91,8.05
283,Dembī Dolo,ET,1587583635,8.53,34.8,67.95,24,4,1.63
284,Corn Island,NI,1587583635,12.17,-83.04,82.17,75,16,10.67
285,Karlstad,SE,1587583635,59.38,13.5,57.0,50,3,6.93
286,Pasni,PK,1587583635,25.26,63.47,83.75,57,17,13.76
287,Costineşti,RO,1587583635,43.95,28.63,39.2,67,5,3.36
288,San Miguel de Cozumel,MX,1587583635,20.51,-86.95,89.6,59,40,16.11
289,Torbay,CA,1587583364,47.67,-52.73,42.01,82,75,28.86
290,Ponta do Sol,PT,1587583635,32.67,-17.1,60.8,63,20,10.29
291,Praia da Vitória,PT,1587583635,38.73,-27.07,60.8,77,75,17.4
292,Vagay,RU,1587583635,57.94,69.02,55.71,76,92,8.75
293,Saint-Joseph,RE,1587583635,-21.37,55.62,73.4,88,20,11.41
294,Mehamn,NO,1587583636,71.04,27.85,30.2,54,75,14.99
295,Sterling,US,1587583423,39.01,-77.43,59.0,19,20,21.92
296,Jutaí,BR,1587583636,-5.18,-68.9,94.37,43,47,2.84
297,Sola,VU,1587583636,-13.88,167.55,75.2,100,20,8.77
298,Innisfail,AU,1587583636,-17.53,146.03,72.68,87,50,3.42
299,Bathsheba,BB,1587583636,13.22,-59.52,86.0,62,40,19.46
300,Kurchum,KZ,1587583636,48.57,83.65,58.05,30,37,8.28
301,Pastavy,BY,1587583636,55.12,26.83,44.49,57,0,3.22
302,Dicabisagan,PH,1587583636,17.08,122.42,79.68,83,93,3.56
303,Avera,US,1587583636,33.19,-82.53,73.99,28,1,3.36
304,Playas,EC,1587583636,-2.63,-80.38,80.01,74,50,9.17
305,Wonthaggi,AU,1587583636,-38.6,145.59,51.01,87,100,1.01
306,Hamilton,US,1587583573,39.18,-84.53,68.0,32,1,10.29
307,Igboho,NG,1587583637,8.83,3.75,82.29,58,46,0.58
308,Chui,UY,1587583637,-33.7,-53.46,65.34,76,99,7.29
309,Aksarka,RU,1587583637,66.56,67.8,30.96,98,100,20.54
310,Port Hedland,AU,1587583637,-20.32,118.57,86.0,79,75,8.05
311,Borovskoy,KZ,1587583637,53.8,64.15,48.61,59,100,14.41
312,Kawalu,ID,1587583637,-7.38,108.21,74.5,83,95,0.49
313,Ahipara,NZ,1587583384,-35.17,173.17,62.28,83,100,8.48
314,Oussouye,SN,1587583637,12.48,-16.55,84.2,83,0,9.17
315,Wuzhou,CN,1587583638,23.48,111.32,61.92,92,100,4.0
316,Kaélé,CM,1587583638,10.11,14.45,91.99,9,69,7.61
317,Anloga,GH,1587583638,5.79,0.9,82.4,74,20,5.82
318,Ostrovnoy,RU,1587583638,68.05,39.51,24.96,96,100,26.75
319,Batagay,RU,1587583638,67.63,134.63,18.32,95,98,2.57
320,Marawi,PH,1587583638,8.0,124.29,77.0,85,5,5.01
321,Znamenka,RU,1587583638,52.42,41.43,35.2,78,94,12.59
322,Port Blair,IN,1587583638,11.67,92.75,83.98,72,96,4.38
323,Oliva,ES,1587583638,38.92,-0.12,63.0,5,66,5.99
324,Pyapon,MM,1587583638,16.28,95.68,77.02,80,1,8.61
325,Kismayo,SO,1587583639,-0.36,42.55,82.56,80,81,8.88
326,Nuuk,GL,1587583393,64.18,-51.72,42.8,83,75,9.17
327,Banda Aceh,ID,1587583504,5.56,95.32,81.82,81,100,3.53
328,Igrim,RU,1587583639,63.19,64.42,50.67,83,100,12.95
329,Rocha,UY,1587583639,-34.48,-54.33,66.33,68,99,6.02
330,Hirado,JP,1587583639,33.36,129.55,46.99,53,53,1.01
331,Grand-Santi,GF,1587583639,4.25,-54.38,81.1,88,74,3.53
332,Akonolinga,CM,1587583639,3.77,12.25,74.35,69,67,1.9
333,Skeldon,GY,1587583639,5.88,-57.13,83.97,67,76,9.69
334,Beloha,MG,1587583639,-25.17,45.05,73.15,68,96,7.96
335,Road Town,VG,1587583639,18.42,-64.62,86.0,66,20,6.93
336,Xuanzhou,CN,1587583639,30.95,118.76,55.06,85,99,4.54
337,Takoradze,GH,1587583639,4.88,-1.76,83.1,78,72,11.95
338,San Quintín,MX,1587583639,30.48,-115.95,67.91,61,0,10.36
339,Saýat,TM,1587583640,38.78,63.88,69.8,43,3,9.17
340,Kudahuvadhoo,MV,1587583640,2.67,72.89,83.97,69,91,7.43
341,Maiduguri,NG,1587583640,11.85,13.16,94.01,9,87,10.13
342,Gemeente Tubbergen,NL,1587583640,52.4,6.77,63.0,44,0,1.01
343,Clyde River,CA,1587583640,70.47,-68.59,8.6,78,75,23.04
344,Tacoronte,ES,1587583640,28.48,-16.41,59.0,76,40,14.99
345,Ushtobe,KZ,1587583640,45.25,77.98,66.7,30,43,6.33
346,Tokur,RU,1587583640,53.13,132.9,14.34,88,100,4.52
347,Yulara,AU,1587583640,-25.24,130.99,68.0,34,8,4.7
348,Mandera,KE,1587583640,3.94,41.87,75.97,75,100,9.57
349,Gundorovskiy,RU,1587583640,46.78,41.9,44.02,60,34,11.41
350,Kangaba,ML,1587583640,11.93,-8.42,98.02,23,50,4.07
351,Namatanai,PG,1587583384,-3.67,152.43,80.22,77,72,3.85
352,Kashgar,CN,1587583641,39.45,75.98,53.6,71,75,20.13
353,Kolyvan',RU,1587583641,55.31,82.74,57.2,30,100,8.95
354,Teahupoo,PF,1587583641,-17.83,-149.27,84.2,66,10,2.24
355,Cascais,PT,1587583641,38.7,-9.42,60.01,76,20,13.87
356,Aranos,NA,1587583641,-24.13,19.12,74.62,18,10,6.4
357,Portland,US,1587583273,45.52,-122.68,55.0,87,90,6.93
358,Sioux Lookout,CA,1587583641,50.1,-91.92,41.0,27,75,10.29
359,Umluj,SA,1587583641,25.02,37.27,80.69,34,0,9.73
360,Eydhafushi,MV,1587583642,5.1,73.07,84.2,73,100,10.56
361,Yarensk,RU,1587583642,62.17,49.09,27.81,94,99,11.3
362,Bariloche,AR,1587583538,-41.15,-71.31,63.0,38,97,6.93
363,Ust-Kuyga,RU,1587583642,70.02,135.6,20.89,96,98,1.45
364,Arrondissement de Nevers,FR,1587583642,46.92,3.33,69.8,46,23,4.7
365,Aloleng,PH,1587583642,16.13,119.78,82.29,84,80,8.1
366,Zliv,CZ,1587583642,49.07,14.37,50.0,42,0,9.33
367,Los Llanos de Aridane,ES,1587583642,28.66,-17.92,66.2,59,20,10.29
368,Ancud,CL,1587583642,-41.87,-73.82,60.8,67,64,3.36
369,Muyinga Province,BI,1587583642,-2.83,30.33,62.08,61,75,1.7
370,Acaraú,BR,1587583642,-2.89,-40.12,77.65,87,100,1.83
371,Aginskoye,RU,1587583642,51.1,114.53,30.96,61,28,4.72
372,Xining,CN,1587583642,36.62,101.77,36.46,25,96,6.55
373,Fort Nelson,CA,1587583643,58.81,-122.7,57.2,33,75,13.87
374,Ous,RU,1587583643,60.91,61.52,42.39,88,100,10.38
375,Clemson,US,1587583643,34.68,-82.84,71.01,29,1,5.82
376,Vardø,NO,1587583643,70.37,31.11,28.4,63,75,10.29
377,Bonavista,CA,1587583643,48.65,-53.11,35.6,85,6,18.66
378,Ixtapa,MX,1587583643,20.7,-105.2,77.0,73,40,8.05
379,Natal,BR,1587583618,-5.79,-35.21,86.0,66,20,10.29
380,Hervey Bay,AU,1587583643,-25.3,152.85,68.0,88,0,5.01
381,Banjar,ID,1587583643,-8.19,114.97,84.2,100,20,9.17
382,Galle,LK,1587583413,6.04,80.22,80.29,79,100,3.15
383,St. George's,GD,1587583636,12.06,-61.75,84.2,70,40,19.46
384,Patna,IN,1587583643,25.6,85.12,78.8,65,20,5.82
385,Port-Gentil,GA,1587583643,-0.72,8.78,80.6,88,20,4.7
386,Ust-Maya,RU,1587583643,60.42,134.53,17.6,94,0,1.9
387,Tocopilla,CL,1587583643,-22.09,-70.2,83.35,19,17,7.25
388,Bima,ID,1587583643,-8.47,118.72,77.07,85,93,3.8
389,Monte Alegre,BR,1587583644,-2.01,-54.07,84.0,74,75,1.25
390,Mirny,RU,1587583644,62.54,113.96,35.6,80,100,8.95
391,São Sebastião do Passé,BR,1587583644,-12.51,-38.5,80.6,88,75,5.82
392,Zabaykal'sk,RU,1587583644,49.63,117.32,32.9,56,72,4.16
393,Agropoli,IT,1587583644,40.35,15.0,57.99,94,100,4.16
394,Kiryat Gat,IL,1587583644,31.61,34.76,73.0,56,1,12.39
395,Pandan,PH,1587583644,14.05,124.17,80.98,80,25,8.68
396,Hanna,CA,1587583644,51.63,-111.9,54.0,39,100,8.99
397,Coria,ES,1587583644,39.99,-6.54,66.99,60,21,2.53
398,Mondeville,FR,1587583644,49.17,-0.32,55.4,71,0,3.36
399,Bulgan,MN,1587583644,48.81,103.53,34.2,38,39,4.07
400,Bay Roberts,CA,1587583645,47.6,-53.26,51.01,47,15,3.0
401,Loandjili,CG,1587583645,-4.76,11.86,80.89,84,27,9.06
402,Norman Wells,CA,1587583645,65.28,-126.83,19.4,57,75,11.41
403,Tegul'det,RU,1587583645,57.31,88.17,54.34,73,78,5.41
404,Lac du Bonnet,CA,1587583645,50.25,-96.06,42.58,55,89,6.76
405,Tignère,CM,1587583645,7.37,12.65,73.08,53,86,4.63
406,Coquimbo,CL,1587583645,-29.95,-71.34,60.8,82,90,11.41
407,Jumla,NP,1587583645,29.27,82.18,45.86,34,63,1.1
408,Bosaso,SO,1587583645,11.28,49.18,83.55,71,41,7.2
409,Port Keats,AU,1587583645,-14.25,129.55,79.2,48,4,7.99
410,Aksu,CN,1587583645,41.12,80.26,60.46,37,85,3.04
411,Edd,ER,1587583645,13.93,41.69,90.16,49,67,15.23
412,Macao,MO,1587583639,22.2,113.55,69.8,88,40,13.87
413,Oranjestad,AW,1587583624,12.52,-70.03,86.0,70,40,19.46
414,Kurri Kurri,AU,1587583646,-32.82,151.48,60.01,85,13,2.55
415,Yaan,NG,1587583646,7.38,8.57,88.5,55,59,8.81
416,Marovoay,MG,1587583646,-16.1,46.63,80.6,78,20,3.36
417,Ormara,PK,1587583646,25.21,64.64,81.45,74,13,10.04
418,Tres Picos,MX,1587583646,15.87,-93.53,93.81,45,3,7.58
419,Lydenburg,ZA,1587583505,-25.1,30.46,64.0,84,1,1.01
420,Amga,RU,1587583646,60.9,131.96,20.35,94,20,3.89
421,Saint-Pierre,RE,1587583646,-21.34,55.48,73.4,88,20,11.41
422,Jhalidā,IN,1587583646,23.37,85.97,71.6,78,20,6.33
423,Batticaloa,LK,1587583646,7.71,81.69,81.01,76,73,3.85
424,Kaitangata,NZ,1587583647,-46.28,169.85,48.99,92,64,5.3
425,Udachny,RU,1587583647,66.42,112.4,32.0,93,90,6.71
426,Kusa,RU,1587583647,55.34,59.44,36.91,73,76,7.27
427,Altay,CN,1587583647,47.87,88.12,52.66,24,0,8.95
428,Vila Franca do Campo,PT,1587583647,37.72,-25.43,60.8,72,20,14.99
429,Sisimiut,GL,1587583647,66.94,-53.67,39.87,72,28,7.87
430,Ōfunato,JP,1587583647,39.07,141.72,39.6,72,6,8.75
431,Zhigansk,RU,1587583647,66.77,123.37,25.0,98,99,7.85
432,La Reforma,MX,1587583647,25.08,-108.05,91.99,31,5,4.7
433,Tournon-sur-Rhône,FR,1587583647,45.07,4.83,64.4,68,27,12.75
434,Oskemen,KZ,1587583647,49.96,82.61,57.2,30,44,2.24
435,Denizli Province,TR,1587583648,37.84,29.07,58.98,59,50,7.25
436,São Gabriel da Cachoeira,BR,1587583648,-0.13,-67.09,80.6,83,75,6.93
437,Sühbaatar,MN,1587583648,50.23,106.21,34.86,49,43,5.86
438,Gushikawa,JP,1587583648,26.35,127.87,62.6,72,90,4.7
439,Necochea,AR,1587583648,-38.55,-58.74,63.0,63,58,8.01
440,Rørvik,NO,1587583648,64.86,11.24,42.8,70,100,9.17
441,Makakilo City,US,1587583478,21.35,-158.09,77.0,73,1,5.53
442,Rosetta,EG,1587583648,31.4,30.42,66.2,72,0,13.87
443,Naze,JP,1587583499,28.37,129.48,62.6,51,90,18.34
444,Lincoln,US,1587583619,40.8,-96.67,77.0,31,20,12.75
445,Anjiang,CN,1587583648,27.32,110.1,53.42,83,100,3.24
446,Oudtshoorn,ZA,1587583648,-33.59,22.2,55.4,82,0,2.24
447,Pangoa,PE,1587583384,-12.12,-73.0,88.57,35,66,4.47
448,Kargil,IN,1587583649,34.57,76.1,32.09,21,99,5.97
449,Orocué,CO,1587583649,4.79,-71.34,95.72,40,74,1.99
450,Ocós,GT,1587583649,14.51,-92.19,95.0,50,20,13.87
451,Soloneshnoye,RU,1587583649,51.65,84.32,58.14,31,63,6.69
452,Ginda,IN,1587583649,30.69,78.49,53.17,32,76,3.49
453,Vestmanna,FO,1587583649,62.16,-7.17,50.0,66,0,6.93
454,Kieta,PG,1587583649,-6.22,155.63,79.23,77,97,2.44
455,Andenes,NO,1587583649,69.31,16.12,39.2,86,100,6.93
456,Qaqortoq,GL,1587583649,60.72,-46.03,48.2,34,75,50.55
457,Whitehorse,CA,1587583649,60.72,-135.05,44.6,56,75,4.7
458,Lázaro Cárdenas,MX,1587583356,17.96,-102.2,86.41,41,92,8.23
459,Laurel,US,1587583469,39.1,-76.85,57.99,22,1,17.22
460,Kloulklubed,PW,1587583650,7.04,134.26,78.8,88,75,4.7
461,Fjerritslev,DK,1587583650,57.08,9.27,55.99,75,0,1.01
462,Canela,BR,1587583650,-29.37,-50.82,82.0,49,0,3.0
463,Malé,MV,1587583650,4.17,73.51,84.56,71,57,8.05
464,Kruisfontein,ZA,1587583650,-34.0,24.73,54.64,77,0,3.18
465,Gander,CA,1587583650,48.97,-54.59,44.6,42,75,21.92
466,Berlevåg,NO,1587583650,70.86,29.09,30.2,58,40,24.16
467,Alice,US,1587583650,27.75,-98.07,98.6,59,75,11.41
468,Buala,SB,1587583650,-8.14,159.59,81.66,76,67,1.83
469,Balkanabat,TM,1587583650,39.51,54.37,68.76,41,84,5.08
470,Quang Ngai,VN,1587583650,15.12,108.8,77.34,89,83,3.96
471,Kumo,NG,1587583651,10.04,11.21,96.48,21,98,9.4
472,São João da Barra,BR,1587583651,-21.64,-41.05,80.6,61,20,11.41
473,Port Lincoln,AU,1587583651,-34.73,135.87,64.65,66,64,11.9
474,Port Macquarie,AU,1587583377,-31.43,152.92,55.0,97,0,5.61
475,Harar,ET,1587583651,9.31,42.13,63.81,50,97,0.58
476,Newport,GB,1587583436,51.59,-3.0,64.0,57,33,10.94
477,Mount Darwin,ZW,1587583651,-16.77,31.58,66.31,40,12,3.8
478,Cananéia,BR,1587583651,-25.01,-47.93,75.2,64,0,6.55
479,Rockport,US,1587583651,28.02,-97.05,84.2,70,90,13.87
480,Kasempa,ZM,1587583651,-13.46,25.83,61.18,41,0,3.31
481,Nanortalik,GL,1587583651,60.14,-45.24,41.22,68,89,28.9
482,Ozernovskiy,RU,1587583651,51.5,156.52,32.0,92,100,19.77
483,Bhāgalpur,IN,1587583651,25.25,87.0,81.7,43,31,6.04
484,Cabedelo,BR,1587583651,-6.98,-34.83,84.2,74,75,9.17
485,Monrovia,LR,1587583652,6.3,-10.8,86.0,74,40,6.93
486,Montrose,US,1587583652,38.42,-108.27,60.8,47,40,5.82
487,Nanchang,CN,1587583652,28.68,115.88,60.39,74,100,2.21
488,Pozo Colorado,PY,1587583652,-23.49,-58.8,95.63,21,0,1.72
489,Shitanjing,CN,1587583652,39.23,106.34,44.01,3,25,5.01
490,Dauphin,CA,1587583652,51.15,-100.05,43.99,62,100,1.28
491,Camaná,PE,1587583652,-16.62,-72.71,74.97,58,31,7.29
492,Dabou,CI,1587583652,5.33,-4.38,78.8,88,40,14.99
493,Suntar,RU,1587583652,62.14,117.63,35.56,88,100,7.0
494,Romanovka,RU,1587583652,51.74,42.75,36.73,77,93,12.06
495,Sittwe,MM,1587583652,20.15,92.9,78.76,83,8,6.17
496,Laas,IT,1587583652,46.62,10.7,48.2,39,5,2.24
497,Kulhudhuffushi,MV,1587583652,6.62,73.07,85.15,69,100,8.37
498,Gornyy,RU,1587583652,55.12,83.91,56.75,52,91,10.47
499,Atar,MR,1587583653,20.52,-13.05,96.08,7,0,10.4
500,Khovd,MN,1587583653,48.01,91.64,42.44,29,1,1.99
501,Camocim,BR,1587583653,-2.9,-40.84,77.58,89,98,1.77
502,Arrondissement du Havre,FR,1587583653,49.58,0.33,57.2,62,1,6.93
503,Rozhniativ,UA,1587583653,48.94,24.16,46.4,45,34,2.24
504,Naryan-Mar,RU,1587583653,67.67,53.09,14.29,94,10,6.85
505,Pangkalanbuun,ID,1587583653,-2.68,111.62,78.48,90,80,3.33
506,Khāsh,IR,1587583653,28.22,61.22,68.56,32,21,8.1
507,Cajamarca,PE,1587583653,-7.16,-78.5,73.4,40,20,11.41
508,Okha,RU,1587583653,53.57,142.95,25.41,98,56,10.07
509,Aklavik,CA,1587583653,68.22,-135.01,14.0,61,75,4.7
510,Buta,CD,1587583653,2.79,24.73,76.1,73,69,2.59
511,Solnechnyy,RU,1587583653,50.72,136.63,19.29,92,97,14.09
512,Wakkanai,JP,1587583654,45.41,141.67,35.58,94,100,13.35
513,Moose Factory,CA,1587583654,51.26,-80.61,15.8,52,1,16.11
514,Nouadhibou,MR,1587583654,20.93,-17.03,66.2,72,0,21.92
515,Kubanskiy,RU,1587583654,45.93,40.58,43.02,66,40,10.56
516,La Ronge,CA,1587583654,55.1,-105.28,39.2,86,75,5.82
517,Cabinda,AO,1587583654,-5.55,12.2,81.37,80,11,10.07
518,Mahibadhoo,MV,1587583521,3.78,72.97,84.22,72,54,8.59
519,Aitape,PG,1587583654,-3.14,142.35,79.77,81,100,5.08
520,Vermeş,RO,1587583654,45.52,21.66,57.2,70,36,5.82
521,Willmar,US,1587583654,45.12,-95.04,69.8,29,1,4.7
522,Bereda,ES,1587583654,43.27,-7.54,57.0,87,99,5.01
523,Chicama,PE,1587583654,-7.84,-79.15,69.8,77,3,13.87
524,Matinha,BR,1587583655,-3.1,-45.03,81.09,81,95,1.19
525,Sinazongwe,ZM,1587583655,-17.26,27.46,72.84,44,0,3.11
526,Hutchinson,US,1587583655,38.06,-97.93,61.0,77,90,8.05
527,Garoowe,SO,1587583655,8.41,48.48,82.26,57,11,16.84
528,Lambaréné,GA,1587583655,-0.7,10.24,80.4,75,67,2.98
529,Sampit,ID,1587583655,-2.53,112.95,76.44,94,100,1.23
530,Hay River,CA,1587583655,60.82,-115.8,32.0,97,90,9.17
531,Bambous Virieux,MU,1587583655,-20.34,57.76,77.0,83,40,11.41
532,Kaduqli,SD,1587583655,11.02,29.72,88.9,10,0,4.45
533,Tromsø,NO,1587583655,69.65,18.96,39.2,69,40,14.99
534,Chișinău,MD,1587583655,47.01,28.86,51.8,37,73,8.05
535,Ubari,LY,1587583563,26.59,12.78,88.79,10,0,9.82
536,Faro,PT,1587583655,37.02,-7.93,68.0,52,20,9.17
537,Kamakwie,SL,1587583656,9.5,-12.23,94.42,42,65,4.97
538,Palauig,PH,1587583656,15.44,119.9,82.51,77,87,4.07
539,Riyadh,SA,1587583656,24.69,46.72,78.8,57,30,6.93
540,Tubualá,PA,1587583656,9.52,-79.03,84.2,79,40,12.75
541,Novouzensk,RU,1587583656,50.46,48.14,41.22,72,47,11.07
